Machine_ID,Temperature,Run_Time,Downtime_Flag
1,106.18101782710437,77.76993932579295,0
2,192.60714596148742,131.2851421067537,0
3,159.79909127171078,180.94187538146124,1
4,139.7987726295555,159.83373296143418,0
5,73.40279606636548,170.98417217921747,0
6,73.3991780504304,148.8175050066076,1
7,58.71254182522992,153.84148467767787,0
8,179.92642186624028,177.37934773479788,1
9,140.16725176148134,87.45020132887788,0
10,156.21088666940682,123.41374454647107,0
11,53.08767414437037,83.18141627294034,0
12,195.48647782429916,198.15020119949705,0
13,174.86639612006326,191.608900952992,1
14,81.85086660174142,55.914021705275886,0
15,77.2737450810651,155.83627587735327,0
16,77.51067647801507,188.7872476123499,0
17,95.63633644393066,77.08630176910003,0
18,128.71346474483568,135.1917845828944,1
19,114.79175279631737,187.3232446382063,0
20,93.68437102970628,55.09189678786983,0
21,141.77793420835692,154.61304008702598,1
22,70.92407909780627,94.6023511058826,0
23,93.82169728028272,188.65942930647955,1
24,104.95427649405376,195.65873677480516,0
25,118.41049763255539,191.63997336701507,0
26,167.77639420895204,121.13213249861957,0
27,79.95106732375396,179.30639764839702,1
28,127.13516576204174,176.68240978026057,1
29,138.86218532930639,97.86507098648835,0
30,56.96756190799966,174.33732112260162,0
31,141.13172778521576,55.55114520732389,0
32,75.57861855309373,139.44048177230798,0
33,59.75773894779193,84.50132559315546,0
34,192.33283058799998,68.08503286659182,1
35,194.8448049611839,61.542980244381376,0
36,171.25960221746917,154.44331638172096,0
37,95.6920653760056,100.98124456520992,0
38,64.65081710095758,158.71501572931422,0
39,152.63495397682354,59.803451119841355,0
40,116.0228740609402,97.29355067459156,0
41,68.30573522671682,130.9236938563006,1
42,124.27653651669053,168.60847472584453,0
43,55.15827816728276,97.81287543981048,0
44,186.39806031181732,143.88370646555137,0
45,88.81699724000254,182.89666223542807,1
46,149.3783426530973,142.3794782273457,1
47,96.75666141341165,84.94392121304506,0
48,128.0102031766716,53.660117233480705,1
49,132.00654190149194,180.5148310851395,0
50,77.72816832882906,53.19041162755807,0
51,195.4376941646838,181.2052509026299,0
52,166.2699235041672,129.3405701040818,0
53,190.92484123462836,190.86015477693442,0
54,184.22410256414733,169.81748536604982,1
55,139.68499682166276,199.69011658000062,1
56,188.2811352534675,102.60677231775652,0
57,63.273875307787925,165.07824333966903,0
58,79.39742936287178,110.28963704138633,0
59,56.78409333658071,121.98134304558633,0
60,98.79954961448965,144.1258194827555,0
61,108.3015934534223,181.05156712795082,0
62,90.70235476608438,197.61252037989428,0
63,174.3106263727894,165.24101207967772,1
64,103.51299900403839,112.66501732510007,0
65,92.14017645310712,113.20355034156053,0
66,131.40441247373727,160.63734523833372,1
67,71.1386337462144,85.81657186524535,0
68,170.32954711310595,66.5711169697092,0
69,61.182596551965624,103.19332364611648,0
70,198.03304049007758,93.08584874811226,0
71,165.8367153944986,94.44621806839851,1
72,79.80735223012586,85.0411626574865,0
73,50.828317568540356,56.31397844545428,0
74,172.31921426822512,52.68109021001207,1
75,156.02860157714258,198.15835846040474,1
76,159.3510752061481,114.16597006037935,1
77,165.69055200289188,107.64899707395224,0
78,61.106697760113555,151.94709240396048,0
79,103.76985928164089,82.73808317975963,1
80,67.38035892876945,192.4941775925338,1
81,179.46551388133904,167.9517521623328,0
82,143.4947190241337,63.411650346838925,0
83,99.63470372789737,112.63711636773925,0
84,59.53375254290354,181.8677461343247,1
85,96.64734825734934,191.70980334371154,0
86,98.77749830401206,120.11022668748046,0
87,159.4409267507096,142.01170838160616,0
88,145.63362070328196,75.05509191381128,0
89,183.08191138644898,198.6752939205465,1
90,120.83223877429239,84.7507552075165,0
91,67.93913689074526,191.40976612026884,1
92,156.98671808344926,147.44699734885526,1
93,164.11775729253463,141.16051923182886,0
94,134.19157963542443,126.9032766524763,0
95,165.64507699318415,84.6004717576638,0
96,124.06933945465862,76.47920480082624,1
97,128.40992440729912,83.0729313605263,0
98,114.13115275378244,77.96573932163818,0
99,53.81286901161428,166.937671035013,1
100,66.18371404899567,102.5187888750095,0
101,54.714377853010134,58.676401484509455,1
102,145.46156168956708,195.3653945211217,0
103,97.15339716144899,182.56788274451387,0
104,126.28560367470541,189.16284247928195,0
105,186.13497108891394,199.23617339696528,1
106,87.39383437233124,76.0842873829231,0
107,111.55743845534445,109.4363028353988,1
108,163.3326707814573,163.73577135561368,1
109,84.31972482374337,154.40309270806884,0
110,61.54698647431895,73.08438595097826,1
111,93.46271793706521,172.37496874859266,0
112,74.18319308810067,83.6660857754991,0
113,189.45464785138597,83.57264222339346,0
114,171.21805693466254,130.54616343401204,1
115,145.0105634765635,138.94099022625548,0
116,180.71908852815767,137.01293117567167,0
117,170.55081153486717,63.72302560966323,0
118,77.98550883290537,181.61912939455706,0
119,183.88384977349668,89.84000638830591,0
120,130.9013362873476,69.42723819242062,1
121,171.11602327460938,183.31221198034658,1
122,184.41369498852399,193.34772473446301,0
123,97.70052124577958,179.3191425898176,1
124,66.50778867915152,171.4274112087317,0
125,84.19027438129126,148.28629709585326,1
126,114.06616829393845,132.6286055913709,0
127,172.702214888374,63.048013986711524,0
128,179.10958748845152,111.2679819606048,0
129,51.04281957967861,105.9032775518471,1
130,126.61209538663486,88.96306756404894,0
131,112.61165047231685,158.51301705328774,0
132,83.31617157060954,124.38136026181562,0
133,67.97980510005242,62.15693238614719,0
134,100.6422757105442,83.0274802924717,0
135,191.43645558687788,152.4888145489394,1
136,98.48043980311328,61.41962892354503,1
137,127.81859326150492,177.68103710731532,0
138,155.45284383427668,124.27197905209614,1
139,104.5444403568941,122.0879865989972,0
140,195.7673124081441,138.86116769892766,1
141,194.3670942413167,173.70214488877238,1
142,87.76734437380463,102.17138118532895,0
143,124.58727588385781,151.70242288385953,1
144,95.13174647251546,134.85979459936866,0
145,92.72607415662014,90.0542405254132,0
146,55.53304210317992,181.7944979532737,1
147,141.4346500969845,169.61390324103922,0
148,125.40185348432922,148.76777519876384,0
149,57.7218126874984,177.5872593641363,0
150,91.7969696354917,180.09413014397035,1
151,186.23988289499806,156.25444650725524,0
152,85.93428360004586,175.55199925455082,0
153,71.73423081368347,154.62071925039254,1
154,123.41791404163445,152.02111576404508,1
155,197.8475681165901,142.79170673227765,0
156,86.30829072672506,162.9074959336462,0
157,150.8203321108818,73.79076579396106,0
158,164.24294229930763,182.13061387983927,0
159,85.64563159885995,180.7765291617848,0
160,159.23245229177894,54.387092455183875,1
161,105.16746990788798,173.8725125847144,0
162,144.84587458903692,69.33048012101678,0
163,145.0294566141342,100.2678281388713,0
164,130.36620261121377,161.52623844374116,1
165,63.54346550816125,74.11398440724624,0
166,175.2953743383857,172.69505361785934,1
167,98.11700974576038,174.82012669366128,0
168,77.97777655997814,126.12016006412543,0
169,56.11627123321459,50.95788075752504,0
170,138.63394147823627,93.05571997623692,0
171,151.63465427634236,142.53903775636132,0
172,52.48817433917842,197.17792670411353,0
173,126.81395874489215,144.77202905250027,0
174,83.97436627969068,88.97053715962397,1
175,146.77591856141748,145.1008554649417,0
176,76.15496435074871,130.99780695737832,1
177,153.6406607153699,166.97680927267155,0
178,108.01030194508061,66.04709582404377,0
179,190.50949831051017,164.1541853753042,0
180,70.62814162189899,131.18998680141652,0
181,101.15995265753878,194.4488005788492,0
182,67.02102818608836,101.28082490580292,0
183,188.7040427417844,144.89328397009223,0
184,181.60090300714714,189.80421582650263,0
185,88.69124415727333,65.37645919860189,0
186,148.99760690512687,190.58427308546766,1
187,172.58333003018237,153.18285834512199,1
188,133.28012173991937,60.175558865775784,1
189,129.44758675340097,95.14453504202244,1
190,86.27784363506775,156.22581329679224,0
191,63.96541517088488,60.102590220315754,0
192,184.58236369299902,137.32556902644097,1
193,185.06270857449957,101.88245854294351,0
194,144.9652185909902,143.13732766512157,0
195,100.8544686573051,56.86130507187693,0
196,102.38143619189913,180.73052092285644,0
197,158.8933518305359,196.02334537660954,0
198,184.56653899288656,195.33167829285372,1
199,183.0629636397676,162.44777476143872,0
200,166.98133187864357,69.5129360195948,0
201,146.30474692314317,163.7394793893534,1
202,62.62099474925732,53.68803746882023,0
203,74.24430711419207,53.318532729349585,0
204,184.78312827906188,98.54153287243119,0
205,140.9643589489385,123.29647856069987,1
206,51.37955774249445,165.56111267116898,1
207,65.22073142990482,152.49430649097576,0
208,149.52526536620837,116.88540595651224,1
209,50.759237576932804,91.04399994224988,0
210,74.1212077126248,199.56867502365668,1
211,132.31006840498793,113.92719533539594,1
212,153.78427965390398,117.70805364945132,1
213,147.79418892539007,74.54357317875038,0
214,83.64039641908397,169.2214323124894,1
215,156.82688320213038,154.0523338672233,1
216,85.58736312452001,83.11544191831406,0
217,98.80995472389016,62.357156842376405,1
218,161.9737107677036,152.07489531120694,0
219,147.44493485708222,148.17668214217028,1
220,177.3835115741267,90.9889290497314,0
221,148.6419338450515,192.62953433756155,1
222,135.24629050032075,72.65868376713503,0
223,64.05121517421387,114.8502201563903,0
224,105.15737045891503,191.54238802513984,0
225,89.78035515225882,112.95909753891834,0
226,86.59844650686253,145.77889214961283,0
227,195.95158321286684,109.63915969441913,0
228,108.96465870001407,91.13228035230051,0
229,183.806983276567,197.59664719397423,0
230,144.67079389958943,111.40010094725645,0
231,169.22169553124726,184.11488055187016,1
232,125.39556396577882,84.49319088366292,0
233,136.53558269395387,81.9657056037625,1
234,123.87765407282959,54.6701124326767,1
235,79.28644816970667,147.75002380638276,0
236,158.3678172892258,105.27895155856417,0
237,92.11585436612836,179.65373747594555,1
238,53.647394964718075,120.98148600373358,0
239,146.82084438607518,195.22901418720826,0
240,76.56660191105735,77.82882735546818,0
241,191.06878765293715,180.2934751933416,1
242,193.0892865503881,166.48952791876127,0
243,187.22965853306727,165.63827669660782,0
244,105.52380503831665,176.71748421753315,1
245,52.31849247933012,164.15359864144983,1
246,189.2477843881588,143.93304824471232,0
247,114.22762224759715,69.68673165235813,0
248,194.99822285655043,54.878926923687786,1
249,194.54299656338793,188.12717717235302,0
250,177.951418320104,142.49754717811072,0
251,94.16733381043785,169.48059364642643,0
252,107.76465929028879,122.2283527268825,1
253,177.67050072752852,67.59622834435918,0
254,97.53830077344165,68.77786883038257,1
255,75.42391200291388,152.8347930843457,1
256,133.52018936875254,114.5458842349194,0
257,190.42321612411715,80.07870900505051,0
258,154.40446950124596,123.73918201121553,0
259,135.50917551340473,59.631340561270115,0
260,64.57647406561529,137.2957102871598,0
261,142.25108400487545,90.34901066526464,1
262,198.50807751563949,169.63386509557824,0
263,71.01260228547861,96.55429383853607,1
264,127.74944785456051,118.28302236227017,0
265,181.60596078919332,51.7430809862151,0
266,161.11529266313067,60.867033169183834,0
267,154.5523611492902,108.87403346100272,0
268,155.37261259806638,121.99082520756852,1
269,103.92367268296327,140.00308221789555,0
270,94.03877663967401,93.74938680639548,0
271,171.40417332177702,154.2472829189814,0
272,171.5170092018771,179.01835957838068,0
273,180.06084778701555,166.97764833400248,0
274,186.9860828834707,55.94282380225357,0
275,126.70135982914067,122.07604208867434,1
276,125.22744420307994,65.73952676272623,0
277,169.74427684501626,86.30675237937912,1
278,147.49458961666477,197.99938899007196,0
279,155.2950315886555,71.37433143522699,0
280,169.36890041541517,124.8332230177034,0
281,183.50080127263493,142.72336014771787,0
282,100.69927352773037,155.36974558161558,0
283,106.3374428959916,133.9473025230371,0
284,64.09729097613035,51.46562711287755,0
285,136.74202114942608,98.96919623659878,0
286,55.39134106951131,127.65674650770671,0
287,119.83970271986902,63.179974871725,1
288,131.39669520613649,102.59403968137711,0
289,92.98118781924266,54.980466318704984,0
290,138.62498908535161,61.78677457325311,0
291,54.57503749085741,109.53849143023942,0
292,55.60222831238217,69.90736310645906,0
293,173.39008409894873,135.1311272392337,0
294,104.02859621168943,153.41974537058985,0
295,69.05907689778272,170.08800486636244,0
296,128.33648900822067,80.02253663672151,0
297,165.49903296479164,75.12238733886046,0
298,82.37315412452648,65.68517605016004,0
299,143.43357137285005,145.46453743154552,0
300,62.8021197490652,155.9713589730352,0
301,57.75225817529115,54.737921723846306,1
302,129.7031947352222,190.43183693655348,0
303,131.09526824151598,57.79569254772086,0
304,145.61448522473097,131.19445029516055,0
305,158.91370005839923,156.35907791763748,1
306,196.37781191938018,180.64536856191285,0
307,127.4450522451793,157.11303981986418,0
308,98.44347094118689,170.25921246046877,0
309,169.27792921530556,100.9175288814209,0
310,90.62483768931114,172.22376706197684,0
311,115.84571310584542,62.01722695770127,0
312,61.76845720133989,184.22249840907915,1
313,53.80261151231863,132.13885642306042,0
314,194.39726220168876,172.59466549437406,1
315,175.39701807683088,117.84774267774502,1
316,154.3961309140547,146.53665427947874,0
317,111.34294166214048,128.960399140417,0
318,75.99414801062687,159.7384282632998,0
319,73.4655564006629,62.244497304588435,0
320,87.5364347246893,59.052812598584566,0
321,132.3839997059181,87.06548510152197,1
322,157.18938840500937,73.93170201697825,1
323,149.0296065076597,180.76753498883025,0
324,91.99008454189143,82.88209810370665,0
325,193.2297920994791,196.37978837286968,1
326,160.68453750436527,100.53436876566602,1
327,133.15310787671012,77.31768735330489,1
328,141.75811193515284,168.45477607137187,0
329,112.94000936416849,148.80616632513141,0
330,87.15964842517363,124.72935746797084,0
331,103.39590179768925,133.30453264064468,0
332,163.67691656965536,157.88026674083957,0
333,52.15902329446338,84.2682111996948,0
334,67.41089607603743,199.45008740851128,0
335,56.90039630326291,196.21897432201746,0
336,56.10932034784552,147.54885295204053,0
337,178.3190876016511,79.93136763937177,0
338,155.54867890700353,152.0342363646937,0
339,121.12607436309878,60.829761346876374,0
340,64.67512409765023,54.597875330870906,0
341,123.74238126752485,88.65243327668205,1
342,121.02076561708485,119.39344351089744,0
343,75.98028048650228,180.24087581125707,0
344,115.07774738569596,159.0753604649462,0
345,109.775710159606,161.40597817999716,1
346,142.37751470783246,113.8240001672113,0
347,145.26404763014656,101.89024888204443,0
348,56.795601465806676,105.6558144476904,0
349,106.19189219397069,198.14743456040867,0
350,143.87898735713546,56.01637871187237,0
351,125.47043878701315,180.05472441836727,0
352,178.47347617824835,136.80131128585901,1
353,148.80404474284177,115.79231287843857,0
354,74.44016406221445,158.78864906227048,1
355,60.58531211006448,123.00034121370543,1
356,146.36289173094735,181.0134857122491,0
357,53.976696581243274,185.10527960168878,1
358,137.8663371910195,113.25813903101832,0
359,191.03453621374365,91.52416958525774,0
360,136.32112668138183,138.85254928900434,0
361,108.22548893097829,186.85450184250365,0
362,146.49323276635297,81.59932835084999,0
363,118.73793357372749,143.4449875345224,0
364,131.84251839739022,144.73403301387808,0
365,191.21972131647877,159.96695336229214,0
366,107.91539567011614,69.73515276908897,0
367,194.17858457358713,157.37374470231327,0
368,185.80259629340955,186.35487809984616,0
369,79.36867021839447,76.9524663305363,0
370,60.40419513127482,85.63149873858166,1
371,65.116700206614,195.70926410624594,0
372,52.73327384773246,77.14654290642346,1
373,64.16644411338926,178.15776400543686,0
374,152.45101601245352,123.84167846720521,0
375,60.678297269034346,87.08466116047656,0
376,97.8463445440642,180.6124851908767,0
377,176.73129664541818,116.79578825039982,0
378,53.49079036037388,127.22260308945353,1
379,172.17027238834038,103.88500540996486,0
380,92.27821621600998,138.9426277152391,1
381,67.72472414324844,74.5285808877534,1
382,154.5105748046226,108.66223049776411,1
383,144.3414270169826,195.41184835029313,1
384,181.62080202905796,88.72001490516914,0
385,160.26065657058285,148.51049968119383,0
386,170.5221395577273,98.77850963370423,0
387,92.30518588569598,166.0209688529901,0
388,76.61593156695842,69.63104910775247,0
389,162.59221274612875,195.4731567617817,1
390,171.0252108900896,118.06843120754588,0
391,198.575771300101,85.40756950196959,0
392,111.89265153671397,61.0245120995019,0
393,105.80271286891747,75.46368576313111,0
394,166.46194411129954,127.96609228340265,0
395,101.12053103795267,100.55047646469293,1
396,189.6135988405347,174.33250488239142,0
397,178.76191277645177,114.6331285492709,0
398,114.34910410625275,87.30714088814449,0
399,162.6306601687246,142.5717479906045,0
400,163.18143111270234,156.01658253281687,0
401,65.4685803253899,75.05628618514248,0
402,185.382936001935,75.14288244324766,0
403,125.78785586717858,55.50071404003145,0
404,173.96861991616123,160.46030225984606,0
405,98.00744015459176,149.57067914327075,0
406,184.32848427443008,121.19463136247208,0
407,108.38025181012446,176.62556734537958,0
408,51.625647722044754,170.85052294250798,0
409,185.80729646288955,137.8031546595128,1
410,63.69300151792004,180.2406920769888,0
411,97.89704563856223,80.87618150551523,0
412,192.50929505762073,66.78794290965918,0
413,192.5910720406334,90.46244172754845,0
414,136.0156832184929,58.56302841339723,0
415,144.77558182546989,129.67542920015478,0
416,117.26682829674796,190.4908538442442,1
417,93.98161575470968,55.90153110027644,0
418,99.2996818054874,68.31648710150402,0
419,150.87776841155576,117.8298542425153,0
420,162.856179415652,190.08125262918574,0
421,168.73685655887726,97.42341574651257,0
422,168.4427214191831,126.08522130325886,0
423,63.680915457303556,56.23592885755882,1
424,124.16304570538722,72.25148014431333,0
425,58.63381400249664,197.99451844382705,0
426,132.42933234856034,194.76780446540684,1
427,116.22957520600656,50.74099714016144,0
428,183.15562741374495,192.77176781348584,1
429,102.6372518828118,145.86799067232505,0
430,67.56005246414088,180.18774417800333,1
431,71.44875230792537,118.21097834507887,0
432,164.22659475762083,127.33940428688754,1
433,142.73270949743915,123.32698703853802,1
434,65.16840141841854,150.02963863191565,0
435,62.616020917249614,70.94768821344694,1
436,155.14536971886798,54.496038480901696,0
437,60.91445095462903,96.18949123867864,0
438,173.27900889355345,155.70211441049702,0
439,155.93633407347443,80.27801781844225,0
440,62.202317096284965,151.0148649987376,0
441,62.72565711277879,195.48680691609056,0
442,197.99593677517632,64.08510736841276,0
443,106.14061936341804,150.89031773376894,1
444,105.59632206003363,116.56253289568568,1
445,171.91993508862538,180.2213381566258,0
446,192.08728660757882,76.57246841710788,0
447,197.90015957343064,153.89389283392467,0
448,163.00672778884126,175.71729344721655,0
449,106.43893782963737,191.69213292110348,0
450,62.52510750480032,152.48720424344685,0
451,166.5720373891155,124.5762146012641,0
452,133.76063746037076,142.67708603018207,1
453,113.63330138704644,180.33574767180772,0
454,185.9531577642104,135.59146199582443,0
455,66.6796223459227,54.55805895452553,0
456,123.89376564362887,189.64230432604666,0
457,51.70304671511286,153.42901265473415,0
458,120.29909629911894,151.47700786658697,0
459,58.4454913522756,82.35127285965757,0
460,67.82268744021079,148.8328205348986,0
461,67.62893701656573,109.07966084812378,1
462,147.38154531740952,147.6849465562238,1
463,161.9067318898135,65.98895454619861,0
464,137.50531476457394,148.6767956904554,0
465,194.32588227118129,199.9120588656,0
466,106.23058692855561,57.231805829083406,0
467,92.8568129422791,196.5761276331976,0
468,180.28986922841904,111.03619410843059,0
469,83.5393757779179,180.61301755058886,0
470,194.4833809160917,167.357822608741,0
471,51.82317120347245,135.0524391480002,0
472,195.48182400614584,160.76738138769898,1
473,56.473986792586416,181.77733419520217,1
474,183.67146705471066,110.62104824765495,1
475,129.15516636294498,99.0549742344858,0
476,198.94471941789504,150.13900783453772,1
477,61.06948471030983,171.17689129118878,0
478,133.07814266019813,164.34277021649237,1
479,195.39538034286485,169.67204732879517,0
480,128.46467662552232,115.33749722193996,1
481,144.40979572028937,172.67513242625324,0
482,154.36230334769257,68.03135830559127,1
483,118.18115971516599,131.67336469412743,1
484,144.13371201260952,50.86379907471824,0
485,137.64714678846502,98.68787448504054,0
486,185.17370157364834,104.96923023070968,1
487,56.81695705121868,109.42590374138831,0
488,92.14447843883454,154.32008100347934,1
489,192.56172261148382,108.28371519055186,0
490,183.53956758363745,117.3040433933796,0
491,118.34851291785694,85.63161963114912,0
492,143.0198896702305,105.98776874440101,0
493,91.6071774471699,84.09044408947273,1
494,78.2181739585642,60.97938856526655,0
495,119.55476074099732,140.51728900720667,0
496,103.00283420390792,150.23191978325244,0
497,137.5484167776308,142.92355190144218,0
498,61.66019554474772,119.52410657008585,1
499,196.15922114992497,106.96786702688448,1
500,197.93161167194043,179.50004743577378,0
501,154.72425710296176,127.86226777043271,1
502,130.41445495161804,121.87728164445964,1
503,96.42914244294917,53.84630987096536,0
504,172.0692529560423,101.18717414392344,1
505,152.7096758830819,107.02934281787856,0
506,74.3925409017337,109.82341713453508,0
507,186.63907767407636,137.02585538409983,1
508,173.38058643847535,130.04038200903176,0
509,192.4699869937886,141.1857639190167,1
510,158.857926258254,164.73248923131922,1
511,142.01227939036846,171.94786080741403,0
512,112.73645544359283,157.71846143397414,1
513,189.909272503102,193.3285543932402,0
514,179.90958342506124,52.734887401454245,0
515,56.782800515928415,79.36669785253191,0
516,53.9550461745878,51.13443124672132,1
517,106.46950503170744,147.12120712319046,0
518,171.58299961727494,184.70458234249804,0
519,198.09141939724168,86.5223444864449,0
520,72.56253366552923,189.055181719446,1
521,139.11960730282027,59.04010854343413,0
522,107.13362849465324,190.16540402082714,0
523,195.48715967219047,102.74340308594516,0
524,176.31783847035632,65.21312426738248,0
525,175.74930570667067,122.88076387794885,1
526,120.30397396924555,88.5164851580762,0
527,112.22292535064977,92.73093529428843,0
528,91.01106078960593,96.09349473894298,1
529,58.456324497639066,170.4538846748995,0
530,179.708356438258,130.87419150128818,1
531,171.93515136951163,96.69615487340054,0
532,199.95765099291958,141.55006749663775,1
533,199.4955255610858,157.42260113347902,0
534,133.31475584039413,90.89360011003006,0
535,165.34811227707658,112.03236522880272,1
536,191.7148594823642,68.28291400054214,1
537,177.44710860161172,77.17240243020206,1
538,87.10221526147964,152.16767809474743,0
539,117.58162029651403,77.21575215434405,1
540,69.37391227272425,128.774507550059,1
541,193.10765408880835,156.3569392583649,0
542,140.926195167632,66.03153846421158,1
543,84.2964208255194,135.09683294433552,1
544,150.7551026608785,88.48441755520457,0
545,142.71923606868438,194.43903128563696,0
546,103.72440770492608,122.5318470079887,0
547,67.03363882994435,170.89888246627373,0
548,150.73597933891995,132.53398132343926,0
549,128.046155135569,56.511879928222875,0
550,165.8477587603459,144.97270633910335,0
551,128.024525166799,192.71050133099854,0
552,177.827225047781,140.24177302194968,0
553,132.78602581617284,172.87832891401854,1
554,134.14069573030793,182.63096950226117,1
555,181.49804039875175,84.21196579233987,0
556,110.52242993185956,81.806725986234,1
557,70.1022842675961,141.64714832764878,0
558,54.31740144700085,111.6542704710057,0
559,163.27058835104285,175.97919543000805,0
560,143.04643270301972,185.00346850970166,0
561,155.61196521488353,103.01320689540772,1
562,81.94462422633661,85.5305838461723,1
563,70.45572133801546,167.07882728657927,0
564,52.18169985018229,91.22090533222041,0
565,102.58813382098955,173.39214777705178,0
566,138.48765302819496,113.56073804731443,0
567,108.83660676495984,150.13248489372057,0
568,115.62123830355937,64.33029707520022,0
569,185.62380417406226,143.57889870148597,1
570,102.23832005349504,117.76515181058437,1
571,127.09842337397161,137.99126947632112,0
572,167.54795191117148,75.20213116172951,1
573,109.48141734819052,160.5310617416273,0
574,143.313005034181,179.41956163148427,0
575,179.35455631201177,82.51097001361634,0
576,192.42809354864633,64.35718332802426,0
577,72.06102213935569,53.54578790695046,1
578,188.98814377422417,146.29572506648992,0
579,123.81744396193073,141.06410541331712,0
580,88.73665824484375,132.0046119071105,0
581,118.8703634357392,84.79206441739632,0
582,197.00488629282157,108.6358993858272,1
583,123.89271409893044,139.17145027792594,0
584,99.31274154312624,124.5150288288754,0
585,145.01012814750885,198.1678280322331,0
586,86.02184281672896,70.46596288350997,0
587,61.379499216299585,154.27168310713907,0
588,69.33195828659738,110.64781521564382,0
589,69.20687584366587,114.22994223884221,0
590,72.78540402684415,157.63966484872645,1
591,70.82407589741152,153.86542269865544,1
592,146.13121172048218,198.68839905532823,1
593,77.28201265987173,69.25914341811878,0
594,101.85009249857947,65.61644740762495,0
595,184.51826148590177,158.65082256931117,0
596,121.09424603943086,136.75803755096138,1
597,150.13366077815408,91.12409998397088,0
598,75.84798068024448,61.91290534834799,0
599,78.84335282130061,62.84873743946458,0
600,56.13029243997183,184.12863119961773,0
601,75.34025946082468,78.78009870781143,0
602,91.78855085479378,98.50573431732812,0
603,76.55157264151202,83.9984603340482,1
604,63.305380063558346,103.2494458747906,0
605,68.09538066509012,60.41357641191401,0
606,119.11681520490886,127.85896863624056,0
607,80.95005776086887,60.14188453883224,0
608,104.64047915721132,170.05347617335423,0
609,125.51259062822854,85.05681228656496,1
610,153.5592242944048,131.0017871906766,0
611,55.89682097616484,182.01186313421874,1
612,169.9115598363564,147.63160535707914,0
613,144.18505842363618,129.94366798270028,0
614,62.26385479233079,98.65006296730634,1
615,181.03679361601658,99.95028695872969,0
616,188.130860079772,150.42304327972852,0
617,59.161693978229565,199.12090418317513,0
618,91.53164722208055,149.2758784774068,0
619,170.9301919689592,133.66751260550373,1
620,162.23895355754877,159.5975765358869,0
621,77.6781529034566,119.78084184255772,1
622,81.40239850050655,59.021351390117786,1
623,105.5708154187073,134.3445223816865,0
624,122.6784477786532,193.64379267580702,1
625,142.73821572954438,76.29544135364895,0
626,105.33704593546585,153.50073362309985,1
627,119.38020741997218,80.14005329885848,0
628,162.12064072006348,130.3741526709622,0
629,55.50248043358968,64.50146744700794,0
630,87.86554165160311,117.55564043872778,0
631,157.00243788268287,163.4244993342869,0
632,184.2810256530799,102.13572863584731,1
633,126.75161631734991,149.7367586730827,0
634,129.81702278979736,169.31749411845936,0
635,66.07580170096641,189.0766729219179,1
636,117.1118550235182,85.19631227831803,0
637,129.89258996825347,109.89738737139622,1
638,86.37057554520945,72.86240199956262,1
639,90.38648464240714,198.8725253237563,1
640,106.5926244656934,189.0501451886443,1
641,53.01067966665896,130.99356954208395,0
642,98.31187483747675,176.30499415646318,0
643,81.7172010494817,128.14369659080631,1
644,99.1246028266872,143.53785320041396,0
645,67.96431977288768,63.36866481740249,0
646,183.57909211098425,163.29056307452117,0
647,139.0388680331073,69.15702254528523,1
648,151.86534787167344,173.91014453787926,0
649,168.37568579110075,167.30421315055787,0
650,124.76632983935859,156.31170466144647,0
651,63.03804321311355,55.42405707871432,0
652,130.56598127278215,95.4692533917993,0
653,138.02616770313188,89.46688548662644,0
654,161.81592112764952,104.02046112072787,0
655,114.7489319344519,63.14641201457578,1
656,69.13704541933456,190.54367345465943,0
657,92.56638586980867,133.07033610685644,1
658,104.46234445979526,95.82864659870353,1
659,146.88758619974018,109.5472275611425,0
660,135.61674570033676,117.08038107572534,0
661,103.41450888467693,140.08915000409257,0
662,197.97728731894696,127.35191415447467,1
663,140.86622290353307,187.90879598216262,0
664,85.58401876039918,124.54452243587454,0
665,65.26737089306056,198.8237022234969,0
666,72.9288708776498,177.71374366176437,0
667,86.89365925767622,81.27657715360037,0
668,74.10220598893335,189.58928219658745,0
669,77.98505360769586,67.45495968282141,1
670,92.76427530407707,172.61745627367873,0
671,76.00603929421322,107.093494021487,0
672,184.5148136939638,181.69614806676043,0
673,62.03506184924633,180.20850351611756,1
674,128.67670843553822,170.88881001764315,0
675,111.55952404844922,168.5045654460592,1
676,197.35679253629095,95.70187086470611,0
677,66.80583532520785,62.137892457687826,0
678,109.67833985686124,110.44702681477422,0
679,195.42056499130533,76.0286772479763,0
680,179.82606888409703,154.24266333536926,0
681,172.56081064239197,101.91495898066783,0
682,88.68542405674097,196.34153012898724,1
683,75.63313810850987,146.1458116017998,0
684,150.29648298866465,173.37208454515414,0
685,189.40639836913786,69.87870091127726,0
686,133.51443395208946,179.30217234089338,0
687,135.74190342048496,188.41357857700916,0
688,91.99686404904263,123.05928782284039,0
689,165.42393997879054,140.9379406626466,0
690,78.05656228362851,164.72147013544932,0
691,98.55188546063656,76.22579408906188,0
692,113.81546579246252,125.38491146951637,0
693,126.14155680266825,109.79945416584697,0
694,86.36145986226204,71.95609882433737,0
695,67.22552371088054,105.13016334372972,1
696,141.59300636624488,60.22584640782404,0
697,93.29458298603836,53.87178604242305,0
698,137.18573321339184,70.27494337322341,0
699,73.15440729113035,194.46726673837608,1
700,122.17101527822263,132.42943038425256,1
701,129.8884148827379,194.873324172983,0
702,57.77353052336404,114.8746817495198,1
703,100.49064172908808,96.77241996278894,0
704,70.16220154084614,125.92127942603662,0
705,59.50624557091516,115.92675329493652,1
706,198.49403485849177,65.84970263926158,1
707,98.35307674620844,146.12394720353092,0
708,171.4811668781952,82.40572737643994,0
709,88.19609821456459,142.93819323467443,0
710,152.22540833358937,147.53016385972302,0
711,164.034178983453,72.80372796929721,1
712,139.34581109117664,59.20244406660022,0
713,120.73642828252376,167.11423791026596,0
714,111.77613712209029,118.97006356539802,0
715,102.3302399814493,58.72456932582137,0
716,189.4293716371739,199.22994757546508,0
717,174.5929111681594,58.66708414945499,0
718,194.7540365999769,154.25528432878298,1
719,68.64458352283171,197.55183878951203,1
720,159.63012128054663,85.87701563238883,0
721,190.75106852315568,71.33740530307942,1
722,77.18495992484903,68.20774091336433,1
723,59.974440105016626,95.49127213513933,1
724,161.16809739350884,65.156871651597,0
725,136.1709669769868,153.82420125411977,0
726,176.2743165137408,59.3437697195094,0
727,70.96585649394342,126.41331922246846,0
728,169.29009677898352,199.50452807794653,0
729,80.24409800716168,172.0955404259028,0
730,74.54839142985568,142.28291573465162,0
731,74.63986968964895,95.93804311799175,1
732,172.1862080347073,143.58437544374578,0
733,149.77958310443,129.05621958674774,0
734,128.4598137153679,113.91250758355572,1
735,103.82457261852537,69.60655651102992,1
736,181.58008112196623,182.99063228607,1
737,108.8667661133953,117.46769732319838,1
738,172.48991592073656,79.19337677311476,0
739,115.87023628553277,105.16390263159344,1
740,106.54166441373613,112.11946287933905,0
741,119.40196785044097,174.13068433503116,0
742,95.20668112462131,160.04215708421032,0
743,162.14140702643766,165.39573404620097,0
744,125.40805851387188,51.65468966429708,0
745,84.8319042720226,112.42309972696422,0
746,184.93618599118528,122.20162274529855,1
747,107.58368320598171,52.878841523458505,0
748,131.5329291670983,88.97198131175513,0
749,185.97081664468203,164.04347346832026,1
750,143.6356993870988,70.56645585934986,0
751,67.53470610625462,130.29651971788874,0
752,190.97481854202127,82.28028080258562,0
753,144.15620796071266,51.81811619658399,0
754,100.23584219856292,86.18021863993121,0
755,70.8908108995081,196.38106323650806,1
756,169.1037783905444,170.23056678244842,0
757,143.01091338927702,193.936496648155,0
758,130.01916379644823,123.17810658895436,1
759,184.08388745764364,66.46042980162552,1
760,168.28958168367961,132.19392334605396,0
761,72.75123195991267,118.15660018399413,0
762,96.75831016933223,176.6535624109424,0
763,87.27337097216986,64.7123871176367,0
764,161.59194388590154,123.23617055326673,0
765,55.02986521036691,72.50729970409765,0
766,135.48345273069748,98.701389033509,1
767,164.36880286110357,160.60356160816997,0
768,181.51484551426242,121.40271940531498,0
769,101.31226230738612,106.3832427718654,0
770,173.18859570080193,109.1714417855053,0
771,66.59476054328108,118.917015260898,0
772,176.96784376017774,167.75248157555853,0
773,69.12329934979736,183.81270334103516,1
774,109.59309358405508,193.30020297558923,0
775,169.59430486693304,168.03550793829424,0
776,72.48761410231606,97.31103436220191,0
777,84.38770928489623,153.22020591298133,0
778,158.33788525895994,115.6404686083088,0
779,158.00548048191115,88.20059330690768,0
780,146.1721449327946,176.1307369138884,0
781,154.092266670065,55.76395234434875,0
782,131.40866650213943,185.26429882031354,1
783,87.76985883604291,119.22161969371012,1
784,101.85439902558792,145.58022152124207,1
785,77.23965752021385,148.9030883308674,1
786,186.26758420004424,184.26766110598047,0
787,137.50876921491806,145.50045232508108,1
788,110.12771251454598,142.09003771400927,0
789,119.3008705466199,59.997806084103495,1
790,192.0925009417723,127.76120329178062,1
791,73.00271046741203,72.52535012255625,1
792,137.9344748025196,160.61506530822282,1
793,125.8833018326699,126.83328812190118,0
794,141.71813531519717,152.034166881253,0
795,52.71652757312608,56.25093509035764,0
796,180.81858634162273,62.71880240687048,0
797,189.81774237254186,157.44850820940235,0
798,134.76997753838134,60.812650399801,0
799,154.49762358153384,60.68850916478879,1
800,188.37490717659435,51.816271285233114,0
801,156.08579514700978,193.475209744922,1
802,72.8808564371392,160.62625391885103,1
803,136.443254025022,102.98771127530962,1
804,141.00725695742838,94.48033719314829,1
805,113.6196006953579,102.45548446187743,0
806,160.46663534370842,166.19802967717726,1
807,190.1550522153522,149.20559166056216,1
808,188.83527693601644,77.7793351801202,0
809,117.62590571061982,76.11640030011264,0
810,66.98570687611328,64.7593474570096,1
811,197.72617984435018,149.04540795520072,0
812,175.83471296689012,164.65589933326038,0
813,68.69940218049003,89.7569642487506,0
814,188.12628239260584,53.141744154636925,0
815,180.48445430931923,62.325750121464104,0
816,127.82570856891081,195.17900522675458,1
817,138.69131536173938,94.31671662161304,0
818,109.85040558051955,165.38347217572004,0
819,58.2142458233047,143.69953532813958,0
820,100.27958624688515,107.29094594793438,0
821,170.4280172897017,80.85308932933327,1
822,50.69480345069043,68.20796272391097,0
823,100.02487575367164,142.25194520583,0
824,109.7253040386415,166.1950670956682,0
825,130.6093404406884,146.5856380311696,0
826,187.97834246191408,129.54531998737374,1
827,101.95189915489419,56.29268351474544,1
828,102.04298028443415,195.27331663915757,0
829,160.62518721646225,169.8071287481862,0
830,117.83269113347107,93.92330550514471,0
831,83.69072344099729,196.9955494038276,0
832,117.86592741990401,140.28223844544831,0
833,71.12855305696998,137.363398731087,0
834,76.4580479759335,162.2109769144298,0
835,124.75516591092196,171.76546821352065,0
836,112.83881742568218,148.4717910997254,1
837,187.226885160215,69.21436195493001,1
838,104.35908486749497,100.74012589917476,0
839,137.08825254170654,189.21254604890746,1
840,144.83964318792954,83.69234177657779,0
841,51.964168488250046,105.825053575627,0
842,149.53060580250659,114.8115324416294,1
843,76.70539503046271,115.91074845416783,1
844,194.16054762041827,141.94093737417882,1
845,72.29940916296694,191.46137566170614,0
846,112.19361855905356,86.10390677487575,0
847,62.80245021179658,68.2252064451377,1
848,199.5311377768921,79.6205734789906,0
849,125.32925154968639,183.03873503139042,0
850,139.30775259800657,146.87162189828092,0
851,60.06147160826412,92.88601838587402,0
852,162.49407055987666,172.39204084529257,0
853,81.48583896433786,179.2054994545154,0
854,184.70814341610705,176.9771508035417,1
855,80.77094607230107,187.83898004593317,0
856,78.60315809954999,87.83615302600424,0
857,55.48245017721423,163.25628931194174,0
858,120.8100417664999,119.080924591121,0
859,134.72616998939247,176.29978293350922,0
860,59.856295914252854,159.27360157424198,0
861,166.3291425042516,166.46711697495869,1
862,117.99332521220414,148.42427565216073,0
863,128.658540399137,76.61431542045602,1
864,116.11441204073422,131.75403783454075,0
865,110.1144591312989,197.70046092867622,0
866,133.94604969623268,190.60820997456784,0
867,73.28603688960688,56.47606036955175,0
868,77.28921957429067,74.72222235941557,1
869,179.26784315202758,69.75931601818428,0
870,191.9173193200449,158.89698649779433,0
871,105.99639744196294,172.66779947854178,1
872,90.61170097153307,82.02670494660079,1
873,146.59993148585238,125.87790394277435,1
874,111.31012566471446,176.10545420168,0
875,53.80795334905173,159.9202317149376,1
876,73.42288960492856,131.33558082377726,0
877,157.39583432710964,138.55215356881592,0
878,148.8385912865227,126.25408203744199,0
879,54.06439887552252,94.6322676978231,0
880,83.29582428994242,134.75329892885242,0
881,84.66121948821072,153.3327953075136,0
882,150.78391153980925,180.99843737912116,1
883,52.956580663154625,145.4437030968872,0
884,65.61628729768607,164.1682305564737,0
885,169.9874128059784,74.01074524318595,0
886,76.78169930815004,119.23362116296849,1
887,147.91191617778122,51.399742974064,0
888,85.72741715700897,87.00182967824345,0
889,64.91620891390177,158.9692572669507,1
890,86.47582864991811,198.77149270240452,1
891,158.34003977834885,64.87671493808239,0
892,178.35447021594285,110.22414737919324,0
893,174.53297968504876,170.01064530487392,1
894,109.57752944276822,80.60534519433483,0
895,150.21277048559693,133.26274239534294,0
896,80.74764431237315,159.9606944044512,1
897,93.97215953915199,142.39781753902685,0
898,184.45037277816797,78.20371019231243,0
899,51.95028852661041,103.3076853028609,0
900,62.82627962817021,167.5687676728096,0
901,81.1829382719041,133.1339771198025,0
902,53.97983058107296,50.78444203143691,1
903,77.21531526346959,164.1486140042141,0
904,137.45623414545383,55.29670324103586,0
905,113.21368258887469,161.8600674096848,0
906,183.90075666154624,80.37208402478561,0
907,172.61653426076612,193.71102201790703,1
908,101.2726027546814,105.19111269531267,0
909,88.91351501469387,99.03974245071186,0
910,106.95386122509004,72.3332075498667,0
911,138.54424137722117,95.84063232353223,0
912,90.20954612343144,181.49761427423007,0
913,143.6223361773701,199.4501506440871,1
914,111.41174782868606,105.24642957602725,1
915,132.80707712779702,117.29159464318138,0
916,115.4189793702975,158.31064073041057,0
917,94.16986393128765,182.92936706976118,1
918,192.2679960443235,138.95665012801763,1
919,164.54086912396411,108.7288547266744,0
920,71.01697636496789,111.89327612729356,0
921,180.27019638468693,154.34272197452103,0
922,123.11467973742705,50.4827395406418,1
923,184.1828340341137,142.93840061897612,1
924,169.97828839209728,103.32395156620362,0
925,113.78202567038502,169.12959969156265,0
926,53.37039624801761,63.94859597346982,1
927,90.3016039077419,138.23034004225858,1
928,131.24513219913004,122.14593348291857,1
929,145.0217329739221,146.34882888578412,1
930,88.68315281498035,59.72803917244525,0
931,70.90341111092363,136.9975681142197,0
932,175.23953551989487,134.22268819392855,0
933,197.66032710553282,134.09901416242565,0
934,128.85352734540288,140.5231499894682,0
935,75.75189287724552,151.47019058395432,1
936,90.84609897790534,170.74834995211546,0
937,52.758601482120014,90.47310801923214,1
938,187.14482098407484,173.7574115270093,0
939,67.66266243352118,124.73835233951804,1
940,136.47747132713803,61.558741870149674,0
941,91.10828310308091,58.782639386596884,0
942,133.126700377369,100.13574780440912,0
943,147.71305825277963,167.73454656672013,0
944,174.46127055608025,156.15214021113735,1
945,80.96319076409048,168.29224470086098,1
946,51.649374298772074,127.59035846624141,0
947,70.5328445103211,116.02984969332358,0
948,185.00279627721577,72.1178790059426,0
949,181.0835116343773,99.22891304139674,0
950,139.61196532554624,115.1029049260813,1
951,140.077529065048,63.290064451942584,1
952,149.7555011819383,83.09179290668169,0
953,76.30569179351744,139.73379410956082,1
954,187.16179188874398,160.34946713587846,0
955,112.81557873381097,199.75212670894246,1
956,107.47077923742461,189.96699970153364,0
957,127.83765579242564,146.38477993027874,1
958,57.04489501625826,113.18720799411079,1
959,74.94250531341191,145.4266047062349,0
960,160.70504246395558,167.8477427120348,1
961,62.419800188768974,67.7504286385081,0
962,140.47281641995824,111.48573345444323,0
963,86.80236645219814,175.9703428453426,0
964,108.39434210629648,107.5749427899566,1
965,93.30406051560499,135.780840684078,1
966,103.35090746974237,138.16540412932972,1
967,157.85688577763682,77.6714379700459,1
968,94.56825734347626,104.33531624784325,0
969,134.9606960445346,100.17669331128982,1
970,121.40756032986495,53.92950627980972,0
971,149.5506748043972,53.62876458370329,0
972,190.5244608987137,174.75455655136602,0
973,159.88581458153755,90.96062149592186,1
974,82.24105678861352,127.71181493582232,1
975,54.6774702591927,94.80883603831596,0
976,89.33960664497377,191.10188676730107,0
977,139.2616896050382,88.89451382986607,1
978,57.71387202263755,114.44852191084026,0
979,124.45493708018545,180.90953757269028,1
980,139.5264273375334,176.29003501877128,1
981,100.13658362254412,77.9152126769416,0
982,165.6368305618733,170.39649646935658,0
983,65.98973797006578,118.7280330106839,1
984,61.27066726037131,122.44533081280328,1
985,159.22831343054048,70.02199586239156,0
986,124.32369743092977,62.0902270635687,1
987,153.2603594641604,159.19089604606478,0
988,115.22410079056193,124.46917285329496,0
989,86.96030498586603,115.52760539227694,1
990,172.86534765112995,159.4262342978595,1
991,169.91238184534689,164.82693484866647,0
992,154.20447062816402,73.83622515040304,1
993,90.8217705844944,141.53377242164618,0
994,138.53460003036307,70.30311234165282,0
995,104.14608454100403,162.70626290435683,0
996,63.73731099899512,148.54327344007095,1
997,187.5970363193364,193.4921931625187,0
998,70.52279463784421,60.34370245346318,0
999,192.53560307312037,58.55820817268815,0
1000,116.90086594369336,92.32806120398001,1
